Workbook

Sheet Inventario
A1: CONTROL DE INVENTARIO DE DONACIONES
A2: Resumen automático de disponibilidad, entradas y salidas por referencia
A4: Código ID | B4: Descripción / Referencia | C4: Categoría | D4: Total Entradas | E4: Total Salidas | F4: Stock Disponible
A5: ART-001 | B5: COBIJAS | C5: HOGAR | D5: =SUMIF(Entradas!C:C, A5, Entradas!E:E) -> 11 | E5: =SUMIF(Salidas!C:C, A5, Salidas!E:E) -> 11 | F5: =D5-E5 -> 0
A6: ART-002 | B6: MANTAS | C6: HOGAR | D6: =SUMIF(Entradas!C:C, A6, Entradas!E:E) -> 7 | E6: =SUMIF(Salidas!C:C, A6, Salidas!E:E) -> 7 | F6: =D6-E6 -> 0
A7: ART-003 | B7: ALMOHADAS/COJINES | C7: HOGAR | D7: =SUMIF(Entradas!C:C, A7, Entradas!E:E) -> 11 | E7: =SUMIF(Salidas!C:C, A7, Salidas!E:E) -> 11 | F7: =D7-E7 -> 0
A8: ART-004 | B8: SLEEPING | C8: HOGAR | D8: =SUMIF(Entradas!C:C, A8, Entradas!E:E) -> 2 | E8: =SUMIF(Salidas!C:C, A8, Salidas!E:E) -> 1 | F8: =D8-E8 -> 1
A9: ART-005 | B9: CARPA | C9: HOGAR | D9: =SUMIF(Entradas!C:C, A9, Entradas!E:E) -> 1 | E9: =SUMIF(Salidas!C:C, A9, Salidas!E:E) -> 1 | F9: =D9-E9 -> 0
A10: ART-006 | B10: COLCHONES/COLCHONETAS | C10: HOGAR | D10: =SUMIF(Entradas!C:C, A10, Entradas!E:E) -> 1 | E10: =SUMIF(Salidas!C:C, A10, Salidas!E:E) -> 1 | F10: =D10-E10 -> 0
A11: ART-007 | B11: TOALLAS | C11: HOGAR | D11: =SUMIF(Entradas!C:C, A11, Entradas!E:E) -> 1 | E11: =SUMIF(Salidas!C:C, A11, Salidas!E:E) -> 1 | F11: =D11-E11 -> 0
A12: ART-008 | B12: PANTALONES MUJER | C12: HOGAR | D12: =SUMIF(Entradas!C:C, A12, Entradas!E:E) -> 9 | E12: =SUMIF(Salidas!C:C, A12, Salidas!E:E) -> 0 | F12: =D12-E12 -> 9
A13: ART-009 | B13: BLUSAS MUJER | C13: ROPA | D13: =SUMIF(Entradas!C:C, A13, Entradas!E:E) -> 40 | E13: =SUMIF(Salidas!C:C, A13, Salidas!E:E) -> 0 | F13: =D13-E13 -> 40
A14: ART-010 | B14: ROPA DEPORTIVA MUJER | C14: ROPA | D14: =SUMIF(Entradas!C:C, A14, Entradas!E:E) -> 6 | E14: =SUMIF(Salidas!C:C, A14, Salidas!E:E) -> 0 | F14: =D14-E14 -> 6
A15: ART-011 | B15: VESTIDOS MUJER | C15: ROPA | D15: =SUMIF(Entradas!C:C, A15, Entradas!E:E) -> 1 | E15: =SUMIF(Salidas!C:C, A15, Salidas!E:E) -> 0 | F15: =D15-E15 -> 1
A16: ART-012 | B16: PIJAMA MUJER | C16: ROPA | D16: =SUMIF(Entradas!C:C, A16, Entradas!E:E) -> 2 | E16: =SUMIF(Salidas!C:C, A16, Salidas!E:E) -> 0 | F16: =D16-E16 -> 2
... A32: ART-028 | B32: GAFAS DE SEGURIDAD | C32: ALIMENTOS | D32: =SUMIF(Entradas!C:C, A32, Entradas!E:E) -> 5 | E32: =SUMIF(Salidas!C:C, A32, Salidas!E:E) -> 0 | F32: =D32-E32 -> 5
A33: TOTALES | D33: =SUM(D5:D32) -> 193 | E33: =SUM(E5:E32) -> 33 | F33: =SUM(F5:F32) -> 160

Sheet Entradas
A1: REGISTRO DE ENTRADAS DE DONACIONES
A3: Fecha | B3: N° Recibo / Folio | C3: Código ID | D3: Donante / Origen | E3: Cantidad Recibida | F3: Observaciones
A4: 2026-09-01 | B4: REC-001 | C4: ART-001 | D4: MARCELA BOTERO/MIGUEL TRUJILLO | E4: 11 | F4: COBIJAS
A5: 2026-09-02 | B5: REC-002 | C5: ART-002 | D5: MARCELA BOTERO/MIGUEL TRUJILLO | E5: 7 | F5: MANTAS
A6: 2026-09-03 | B6: REC-003 | C6: ART-003 | D6: MARCELA BOTERO/MIGUEL TRUJILLO | E6: 11 | F6: ALMOHADAS/COJINES
A7: 2026-09-05 | B7: REC-004 | C7: ART-004 | D7: MARCELA BOTERO/MIGUEL TRUJILLO | E7: 2 | F7: SLEEPING
A8: 2026-09-06 | B8: REC-005 | C8: ART-005 | D8: MARCELA BOTERO/MIGUEL TRUJILLO | E8: 1 | F8: CARPA
A9: 2026-09-08 | B9: REC-006 | C9: ART-006 | D9: MARCELA BOTERO/MIGUEL TRUJILLO | E9: 1 | F9: COLCHONES/COLCHONETAS
A10: 2026-09-10 | B10: REC-007 | C10: ART-007 | D10: MARCELA BOTERO/MIGUEL TRUJILLO | E10: 1 | F10: TOALLAS
C11: ART-008 | D11: CAROLINA BERNAL | E11: 9 | F11: PANTALONES MUJER
C12: ART-009 | D12: CAROLINA BERNAL | E12: 40 | F12: BLUSAS MUJER
C13: ART-010 | D13: CAROLINA BERNAL | E13: 6 | F13: ROPA DEPORTIVA MUJER
C14: ART-011 | D14: CAROLINA BERNAL | E14: 1 | F14: VESTIDOS MUJER
C15: ART-012 | D15: CAROLINA BERNAL | E15: 2 | F15: PIJAMA MUJER
C16: ART-013 | D16: CAROLINA BERNAL | E16: 5 | F16: CAMISA HOMBRE
C17: ART-014 | D17: CAROLINA BERNAL | E17: 9 | F17: GORRAS
C18: ART-015 | D18: CAROLINA BERNAL | E18: 5 | F18: PONCHOS
C19: ART-016 | D19: CAROLINA BERNAL | E19: 18 | F19: ROLLOS PAPEL HIGIENICO
C20: ART-017 | D20: CAROLINA BERNAL | E20: 8 | F20: PAQUETES TOALLA HIGIENICAS
C21: ART-018 | D21: CAROLINA BERNAL | E21: 2 | F21: CREMA DENTAL
C22: ART-019 | D22: CAROLINA BERNAL | E22: 2 | F22: CEPILLOS DE DIENTES
... C31: ART-028 | D31: CAROLINA BERNAL | E31: 5 | F31: GAFAS DE SEGURIDAD

Sheet Salidas
A1: REGISTRO DE SALIDAS Y ENTREGAS
A3: Fecha | B3: N° Acta Entrega | C3: Código ID | D3: Beneficiario / Destino | E3: Cantidad Entregada | F3: Responsable Entrega
A4: 2026-09-03 | B4: ENT-001 | C4: ART-001 | D4: Chinchiná | E4: 2
A5: 2026-09-04 | B5: ENT-002 | C5: ART-001 | D5: Anserma | E5: 6
A6: 2026-09-06 | B6: ENT-003 | C6: ART-001 | D6: Riosucio | E6: 3
A7: 2026-09-07 | B7: ENT-004 | C7: ART-002 | D7: Chinchiná | E7: 2
A8: 2026-09-09 | B8: ENT-005 | C8: ART-002 | D8: Anserma | E8: 5
A9: 2026-09-11 | B9: ENT-006 | C9: ART-003 | D9: Chinchiná | E9: 2
A10: 2026-09-11 | B10: ENT-006 | C10: ART-003 | D10: Anserma | E10: 9
A11: 2026-09-11 | B11: ENT-006 | C11: ART-004 | D11: Riosucio | E11: 1
A12: 2026-09-11 | B12: ENT-006 | C12: ART-005 | D12: Chinchiná | E12: 1
A13: 2026-09-11 | B13: ENT-006 | C13: ART-006 | D13: Anserma | E13: 1
A14: 2026-09-11 | B14: ENT-006 | C14: ART-007 | D14: Chinchiná | E14: 1

Sheet Terceros
A1: DIRECTORIO DE DONANTES Y BENEFICIARIOS
A3: Tipo | B3: Nombre / Organización | C3: Documento / NIT | D3: Teléfono de Contacto | E3: Dirección / Ubicación
A4: DONANTE | B4: MARCELA BOTERO/MIGUEL TRUJILLO
A5: DONANTE | B5: CAROLINA BERNAL
A6: DONANTE | B6: MANUELA MEJÍA/SERGIO FRANCO
A7: BENEFICIARIO | B7: GERARDO ANTONIO ALZATE | C7: 9990638 | D7: 3103477714 | E7: VEREDA LOS CUERVOS/ FINCA ALTO BONITO
A8: DONANTE
A9: DONANTE
